,value,shap,shap_rank,proba_change
MAX_PAY_2,5.0,0.6129875,84.7%,14.8%
AVG_BILL_3_DIV_LIMIT,1.062944444,0.3357705,90.2%,8.8%
BILL_1_DIV_LIMIT,1.091833333,-0.31197202,0.1%,-8.0%
MAX_PAY_4,5.0,0.19552878,77.4%,5.0%
AVG_PAY_2,4.5,-0.2068626,0.1%,-4.7%
PAY_1,5.0,0.11754454,89.7%,4.2%
