,value,shap,shap_rank,proba_change
AVG_BILL_3_DIV_LIMIT,0.917369231,0.38981694,92.6%,3.3%
MAX_PAY_2,0.0,-0.18655111,42.5%,-1.9%
MAX_PAY_6,0.0,-0.1533161,32.1%,-1.6%
MAX_PAY_4,0.0,-0.12435122,26.9%,-1.2%
BILL_AMT5,90625.0,-0.10151782,16.9%,-0.8%
AVG_BILL_3_DIV_AVG_BILL_6,1.138191518,-0.088512175,12.8%,-0.8%
