,value,shap,shap_rank,proba_change
MAX_PAY_2,4.0,0.8001781,89.9%,19.6%
PAY_1,2.0,0.54460895,97.2%,14.7%
MAX_PAY_6,4.0,0.3019515,85.6%,7.3%
MAX_PAY_4,4.0,0.286116,84.7%,7.0%
PAY_AMT2,0.0,0.23892803,99.0%,6.8%
DELAY_BILL_2,18396.0,-0.19814451,1.1%,-4.3%
