,value,shap,shap_rank,influence
AVG_BILL_3_DIV_LIMIT,0.617459259,0.16211542,84.61%,0.1730007285365249
MAX_PAY_6,0.0,-0.17570706,22.61%,0.16173556421965554
MAX_PAY_4,0.0,-0.16334091,16.23%,0.13112370055377778
MARRIAGE,2.0,-0.12744762,0.49%,0.1252003336345729
MAX_PAY_2,0.0,-0.179365,41.13%,0.12034623828222216
BILL_1_DIV_LIMIT,0.776688889,0.064427555,88.01%,0.07470088879134443
